Poblacion;Linea;Linea2;Sexo;Individuo;Triplete
CAT;1;CAT1;H;1;CAT1H
CAT;1;CAT1;H;3;CAT1H
CAT;1;CAT1;M;2;CAT1M
CAT;10;CAT10;H;1;CAT10H
CAT;10;CAT10;H;2;CAT10H
CAT;10;CAT10;H;3;CAT10H
CAT;11;CAT11;H;1;CAT11H
CAT;11;CAT11;H;2;CAT11H
CAT;11;CAT11;H;3;CAT11H
CAT;12;CAT12;H;1;CAT12H
CAT;12;CAT12;H;2;CAT12H
CAT;12;CAT12;H;3;CAT12H
CAT;13;CAT13;H;1;CAT13H
CAT;13;CAT13;H;2;CAT13H
CAT;13;CAT13;H;3;CAT13H
CAT;14;CAT14;H;1;CAT14H
CAT;14;CAT14;M;1;CAT14M
CAT;14;CAT14;M;2;CAT14M
CAT;15;CAT15;H;3;CAT15H
CAT;15;CAT15;H;1;CAT15H
CAT;15;CAT15;H;2;CAT15H
CAT;15;CAT15;M;1;CAT15M
CAT;2;CAT2;H;1;CAT2H
CAT;2;CAT2;H;2;CAT2H
CAT;2;CAT2;H;3;CAT2H
CAT;2;CAT2;M;2;CAT2M
CAT;3;CAT3;H;1;CAT3H
CAT;3;CAT3;H;2;CAT3H
CAT;3;CAT3;H;3;CAT3H
CAT;4;CAT4;H;1;CAT4H
CAT;4;CAT4;H;2;CAT4H
CAT;4;CAT4;H;3;CAT4H
CAT;5;CAT5;H;1;CAT5H
CAT;5;CAT5;H;2;CAT5H
CAT;5;CAT5;H;3;CAT5H
CAT;5;CAT5;M;1;CAT5M
CAT;6;CAT6;H;1;CAT6H
CAT;6;CAT6;H;2;CAT6H
CAT;6;CAT6;M;1;CAT6M
CAT;7;CAT7;H;1;CAT7H
CAT;7;CAT7;H;2;CAT7H
CAT;7;CAT7;H;3;CAT7H
CAT;7;CAT7;M;1;CAT7M
CAT;7;CAT7;M;2;CAT7M
CAT;8;CAT8;H;1;CAT8H
CAT;8;CAT8;H;3;CAT8H
CAT;8;CAT8;M;1;CAT8M
CAT;8;CAT8;M;3;CAT8M
CAT;9;CAT9;H;1;CAT9H
CAT;9;CAT9;H;2;CAT9H
CAT;9;CAT9;H;3;CAT9H
HY;17;HY17;H;1;HY17H
HY;17;HY17;H;2;HY17H
HY;17;HY17;H;3;HY17H
HY;19;HY19;H;1;HY19H
HY;19;HY19;H;2;HY19H
HY;19;HY19;H;3;HY19H
HY;25;HY25;H;1;HY25H
HY;25;HY25;H;2;HY25H
HY;25;HY25;H;3;HY25H
HY;26;HY26;H;1;HY26H
HY;26;HY26;H;2;HY26H
HY;26;HY26;H;3;HY26H
HY;26;HY26;H;4;HY26H
HY;34;HY34;H;1;HY34H
HY;34;HY34;H;2;HY34H
HY;34;HY34;H;3;HY34H
HY;37;HY37;H;1;HY37H
HY;37;HY37;H;2;HY37H
HY;37;HY37;H;3;HY37H
HY;38;HY38;H;1;HY38H
HY;38;HY38;H;2;HY38H
HY;38;HY38;H;3;HY38H
HY;40;HY40;H;1;HY40H
HY;40;HY40;H;2;HY40H
HY;40;HY40;H;3;HY40H
HY;C;HYC;H;1;HYCH
HY;34;HY34;M;1;HY34M
HY;37;HY37;M;1;HY37M
HY;38;HY38;M;1;HY38M
HY;40;HY40;M;1;HY40M
LAPACHO;11;LAPACHO11;M;1;LAPACHO11M
LAPACHO;13;LAPACHO13;M;1;LAPACHO13M
LAPACHO;21;LAPACHO21;M;1;LAPACHO21M
LAPACHO;3;LAPACHO3;M;1;LAPACHO3M
LAPACHO;4;LAPACHO4;M;1;LAPACHO4M
LAPACHO;6;LAPACHO6;M;1;LAPACHO6M
LAPACHO;8;LAPACHO8;M;1;LAPACHO8M
LAPACHO;9;LAPACHO9;M;1;LAPACHO9M
LAPACHO;2;LAPACHO2;M;2;LAPACHO2M
MG;104;MG104;H;1;MG104H
MG;104;MG104;H;2;MG104H
MG;104;MG104;H;3;MG104H
MG;104;MG104;M;1;MG104M
MG;105;MG105;H;1;MG105H
MG;105;MG105;H;2;MG105H
MG;105;MG105;H;3;MG105H
MG;105;MG105;M;1;MG105M
MG;106;MG106;H;1;MG106H
MG;106;MG106;H;2;MG106H
MG;106;MG106;H;3;MG106H
MG;107;MG107;H;1;MG107H
MG;107;MG107;H;2;MG107H
MG;107;MG107;H;3;MG107H
MG;109;MG109;H;1;MG109H
MG;109;MG109;H;2;MG109H
MG;109;MG109;H;3;MG109H
MG;111;MG111;H;1;MG111H
MG;111;MG111;H;2;MG111H
MG;111;MG111;H;3;MG111H
MG;111;MG111;M;1;MG111M
MG;113;MG113;H;1;MG113H
MG;113;MG113;H;2;MG113H
MG;113;MG113;H;3;MG113H
MG;113;MG113;M;1;MG113M
MG;117;MG117;H;1;MG117H
MG;117;MG117;H;2;MG117H
MG;117;MG117;H;3;MG117H
MG;117;MG117;M;1;MG117M
MG;120;MG120;H;1;MG120H
MG;120;MG120;H;2;MG120H
MG;120;MG120;H;3;MG120H
MG;120;MG120;M;1;MG120M
MG;C;MGC;H;1;MGCH
MG;C;MGC;H;2;MGCH
MG;C;MGC;H;3;MGCH
MG;D ;MGD ;H;1;MGD H
MG;D ;MGD ;H;2;MGD H
MG;D ;MGD ;H;3;MGD H
MG;D ;MGD ;M;2;MGD M
OLTA;1;OLTA1;M;1;OLTA1M
OLTA;10;OLTA10;H;1;OLTA10H
OLTA;10;OLTA10;H;2;OLTA10H
OLTA;10;OLTA10;H;3;OLTA10H
OLTA;10;OLTA10;M;1;OLTA10M
OLTA;11;OLTA11;H;1;OLTA11H
OLTA;11;OLTA11;H;2;OLTA11H
OLTA;11;OLTA11;H;3;OLTA11H
OLTA;11;OLTA11;M;1;OLTA11M
OLTA;12;OLTA12;H;1;OLTA12H
OLTA;12;OLTA12;H;2;OLTA12H
OLTA;12;OLTA12;H;3;OLTA12H
OLTA;12;OLTA12;M;2;OLTA12M
OLTA;2;OLTA2;M;1;OLTA2M
OLTA;4;OLTA4;H;1;OLTA4H
OLTA;4;OLTA4;H;2;OLTA4H
OLTA;4;OLTA4;H;3;OLTA4H
OLTA;5;OLTA5;H;1;OLTA5H
OLTA;5;OLTA5;H;2;OLTA5H
OLTA;5;OLTA5;H;3;OLTA5H
OLTA;6;OLTA6;H;1;OLTA6H
OLTA;6;OLTA6;H;2;OLTA6H
OLTA;6;OLTA6;H;3;OLTA6H
OLTA;7;OLTA7;H;1;OLTA7H
OLTA;7;OLTA7;H;2;OLTA7H
OLTA;7;OLTA7;H;3;OLTA7H
OLTA;8;OLTA8;H;1;OLTA8H
OLTA;8;OLTA8;H;2;OLTA8H
OLTA;8;OLTA8;H;3;OLTA8H
OLTA;8;OLTA8;M;1;OLTA8M
OLTA;9;OLTA9;H;2;OLTA9H
OLTA;9;OLTA9;H;3;OLTA9H
OLTA;9;OLTA9;M;1;OLTA9M
OLTA;1;OLTA1;H;1;OLTA1H
OLTA;1;OLTA1;H;2;OLTA1H
OLTA;1;OLTA1;H;3;OLTA1H
OLTA;2;OLTA2;H;1;OLTA2H
OLTA;2;OLTA2;H;2;OLTA2H
OLTA;2;OLTA2;H;3;OLTA2H
OLTA;3;OLTA3;H;1;OLTA3H
OLTA;3;OLTA3;H;2;OLTA3H
OLTA;3;OLTA3;H;3;OLTA3H
PTQ;13;PTQ13;H;1;PTQ13H
PTQ;13;PTQ13;H;2;PTQ13H
PTQ;13;PTQ13;H;3;PTQ13H
PTQ;13;PTQ13;M;1;PTQ13M
PTQ;14;PTQ14;H;1;PTQ14H
PTQ;14;PTQ14;H;2;PTQ14H
PTQ;14;PTQ14;H;3;PTQ14H
PTQ;15;PTQ15;H;1;PTQ15H
PTQ;15;PTQ15;H;2;PTQ15H
PTQ;15;PTQ15;M;4;PTQ15M
PTQ;2;PTQ2;M;1;PTQ2M
PTQ;21;PTQ21;H;1;PTQ21H
PTQ;21;PTQ21;H;2;PTQ21H
PTQ;22;PTQ22;H;1;PTQ22H
PTQ;24;PTQ24;H;1;PTQ24H
PTQ;24;PTQ24;H;2;PTQ24H
PTQ;24;PTQ24;H;3;PTQ24H
PTQ;27;PTQ27;H;1;PTQ27H
PTQ;27;PTQ27;H;2;PTQ27H
PTQ;27;PTQ27;H;3;PTQ27H
PTQ;27;PTQ27;M;1;PTQ27M
PTQ;3;PTQ3;M;1;PTQ3M
PTQ;30;PTQ30;H;1;PTQ30H
PTQ;30;PTQ30;M;1;PTQ30M
PTQ;30;PTQ30;M;2;PTQ30M
PTQ;34;PTQ34;H;1;PTQ34H
PTQ;34;PTQ34;H;2;PTQ34H
PTQ;34;PTQ34;H;3;PTQ34H
PTQ;34;PTQ34;M;1;PTQ34M
PTQ;34;PTQ34;M;2;PTQ34M
PTQ;36;PTQ36;M;1;PTQ36M
PTQ;39;PTQ39;H;1;PTQ39H
PTQ;39;PTQ39;H;2;PTQ39H
PTQ;39;PTQ39;H;3;PTQ39H
PTQ;8;PTQ8;M;1;PTQ8M
QUILINO;1;QUILINO1;M;1;QUILINO1M
QUILINO;1;QUILINO1;H;1;QUILINO1H
QUILINO;1;QUILINO1;H;2;QUILINO1H
QUILINO;1;QUILINO1;H;3;QUILINO1H
QUILINO;2;QUILINO2;H;1;QUILINO2H
QUILINO;2;QUILINO2;H;2;QUILINO2H
QUILINO;2;QUILINO2;H;3;QUILINO2H
QUILINO;2;QUILINO2;M;1;QUILINO2M
QUILINO;3;QUILINO3;H;1;QUILINO3H
QUILINO;3;QUILINO3;H;2;QUILINO3H
QUILINO;3;QUILINO3;H;3;QUILINO3H
QUILINO;3;QUILINO3;M;1;QUILINO3M
QUILINO;4;QUILINO4;H;1;QUILINO4H
QUILINO;4;QUILINO4;H;2;QUILINO4H
QUILINO;4;QUILINO4;H;3;QUILINO4H
QUILINO;4;QUILINO4;M;1;QUILINO4M
QUILINO;5;QUILINO5;H;1;QUILINO5H
QUILINO;5;QUILINO5;H;2;QUILINO5H
QUILINO;5;QUILINO5;H;3;QUILINO5H
QUILINO;5;QUILINO5;M;1;QUILINO5M
QUILINO;6;QUILINO6;H;1;QUILINO6H
QUILINO;6;QUILINO6;H;2;QUILINO6H
QUILINO;6;QUILINO6;H;3;QUILINO6H
QUILINO;6;QUILINO6;M;1;QUILINO6M
QUILINO;7;QUILINO7;H;1;QUILINO7H
QUILINO;7;QUILINO7;H;2;QUILINO7H
QUILINO;7;QUILINO7;H;3;QUILINO7H
QUILINO;7;QUILINO7;M;1;QUILINO7M
QUILINO;8;QUILINO8;M;1;QUILINO8M
SALAR;12;SALAR12;H;1;SALAR12H
SALAR;12;SALAR12;H;2;SALAR12H
SALAR;12;SALAR12;H;3;SALAR12H
SALAR;13;SALAR13;H;1;SALAR13H
SALAR;13;SALAR13;H;2;SALAR13H
SALAR;13;SALAR13;H;3;SALAR13H
SALAR;15;SALAR15;H;1;SALAR15H
SALAR;15;SALAR15;H;2;SALAR15H
SALAR;15;SALAR15;H;3;SALAR15H
SALAR;29;SALAR29;H;1;SALAR29H
SALAR;29;SALAR29;H;2;SALAR29H
SALAR;29;SALAR29;H;3;SALAR29H
SALAR;31;SALAR31;H;1;SALAR31H
SALAR;31;SALAR31;H;2;SALAR31H
SALAR;31;SALAR31;H;3;SALAR31H
SALAR;31;SALAR31;M;1;SALAR31M
SALAR;37;SALAR37;H;1;SALAR37H
SALAR;37;SALAR37;H;2;SALAR37H
SALAR;37;SALAR37;H;3;SALAR37H
SALAR;37;SALAR37;M;1;SALAR37M
SALAR;39;SALAR39;H;1;SALAR39H
SALAR;39;SALAR39;H;2;SALAR39H
SALAR;39;SALAR39;H;3;SALAR39H
SALAR;39;SALAR39;M;1;SALAR39M
SALAR;42;SALAR42;H;1;SALAR42H
SALAR;42;SALAR42;H;2;SALAR42H
SALAR;42;SALAR42;H;3;SALAR42H
SALAR;42;SALAR42;M;1;SALAR42M
SALAR;50;SALAR50;H;1;SALAR50H
SALAR;50;SALAR50;H;2;SALAR50H
SALAR;50;SALAR50;H;3;SALAR50H
SALAR;54;SALAR54;H;1;SALAR54H
SALAR;54;SALAR54;H;2;SALAR54H
SALAR;54;SALAR54;H;3;SALAR54H
SALAR;54;SALAR54;M;2;SALAR54M
SALAR;69;SALAR69;H;1;SALAR69H
SALAR;69;SALAR69;H;2;SALAR69H
SALAR;69;SALAR69;H;3;SALAR69H
SALAR;69;SALAR69;M;3;SALAR69M
SALAR;72;SALAR72;H;1;SALAR72H
SALAR;72;SALAR72;H;2;SALAR72H
SALAR;72;SALAR72;H;3;SALAR72H
SALAR;82;SALAR82;H;1;SALAR82H
SALAR;82;SALAR82;H;2;SALAR82H
SALAR;82;SALAR82;H;3;SALAR82H
SALAR;85;SALAR85;H;1;SALAR85H
SALAR;85;SALAR85;H;2;SALAR85H
SALAR;85;SALAR85;H;3;SALAR85H
SALAR;85;SALAR85;M;1;SALAR85M
SALAR;93;SALAR93;H;1;SALAR93H
SALAR;93;SALAR93;H;2;SALAR93H
SALAR;93;SALAR93;H;3;SALAR93H
SALAR;93;SALAR93;M;1;SALAR93M
SP;1;SP1;M;1;SP1M
SP;2;SP2;M;1;SP2M
SP;3;SP3;M;1;SP3M
SP;4;SP4;M;1;SP4M
SP;5;SP5;M;1;SP5M
SP;6;SP6;M;1;SP6M
SP;7;SP7;M;2;SP7M
SP;8;SP8;M;1;SP8M
SP;9;SP9;M;2;SP9M
STGO;1;STGO1;H;1;STGO1H
STGO;1;STGO1;H;2;STGO1H
STGO;1;STGO1;H;3;STGO1H
STGO;1;STGO1;M;1;STGO1M
STGO;10;STGO10;H;1;STGO10H
STGO;10;STGO10;H;2;STGO10H
STGO;10;STGO10;H;3;STGO10H
STGO;10;STGO10;M;1;STGO10M
STGO;11;STGO11;H;1;STGO11H
STGO;11;STGO11;H;2;STGO11H
STGO;11;STGO11;M;1;STGO11M
STGO;12;STGO12;H;1;STGO12H
STGO;12;STGO12;H;2;STGO12H
STGO;12;STGO12;H;3;STGO12H
STGO;12;STGO12;H;4;STGO12H
STGO;12;STGO12;M;2;STGO12M
STGO;13;STGO13;H;1;STGO13H
STGO;13;STGO13;H;2;STGO13H
STGO;13;STGO13;H;3;STGO13H
STGO;13;STGO13;M;2;STGO13M
STGO;15;STGO15;H;1;STGO15H
STGO;15;STGO15;H;2;STGO15H
STGO;15;STGO15;H;3;STGO15H
STGO;15;STGO15;M;1;STGO15M
STGO;2;STGO2;H;1;STGO2H
STGO;2;STGO2;H;2;STGO2H
STGO;2;STGO2;H;3;STGO2H
STGO;2;STGO2;M;1;STGO2M
STGO;3;STGO3;H;1;STGO3H
STGO;3;STGO3;H;2;STGO3H
STGO;3;STGO3;H;3;STGO3H
STGO;3;STGO3;M;1;STGO3M
STGO;4;STGO4;H;1;STGO4H
STGO;4;STGO4;H;2;STGO4H
STGO;4;STGO4;H;3;STGO4H
STGO;5;STGO5;H;1;STGO5H
STGO;5;STGO5;H;2;STGO5H
STGO;5;STGO5;H;3;STGO5H
STGO;5;STGO5;M;1;STGO5M
STGO;5;STGO5;M;2;STGO5M
STGO;6;STGO6;H;1;STGO6H
STGO;6;STGO6;H;2;STGO6H
STGO;6;STGO6;H;3;STGO6H
STGO;6;STGO6;M;1;STGO6M
STGO;7;STGO7;H;1;STGO7H
STGO;7;STGO7;H;2;STGO7H
STGO;7;STGO7;H;3;STGO7H
STGO;7;STGO7;M;1;STGO7M
STGO;8;STGO8;H;1;STGO8H
STGO;8;STGO8;H;2;STGO8H
STGO;8;STGO8;H;3;STGO8H
STGO;8;STGO8;M;1;STGO8M
STGO;9;STGO9;H;1;STGO9H
STGO;9;STGO9;H;2;STGO9H
STGO;9;STGO9;H;3;STGO9H
STGO;9;STGO9;M;1;STGO9M
TIC;1;TIC1;M;1;TIC1M
TIC;10;TIC10;M;1;TIC10M
TIC;11;TIC11;M;1;TIC11M
TIC;12;TIC12;M;1;TIC12M
TIC;26;TIC26;M;1;TIC26M
TIC;3;TIC3;M;1;TIC3M
TIC;37;TIC37;M;1;TIC37M
TIC;38;TIC38;M;1;TIC38M
TIC;4;TIC4;M;1;TIC4M
TIC;40;TIC40;M;1;TIC40M
TIC;45;TIC45;M;1;TIC45M
TIC;6;TIC6;M;1;TIC6M
VF;36;VF36;M;1;VF36M
VF;60;VF60;M;3;VF60M
VF;80;VF80;M;1;VF80M
VF;1;VF1;M;1;VF1M
VF;10;VF10;M;1;VF10M
VF;19;VF19;M;1;VF19M
VF;23;VF23;M;1;VF23M
VF;24;VF24;M;1;VF24M
VF;29;VF29;M;1;VF29M
VF;49;VF49;M;1;VF49M
VF;52;VF52;M;1;VF52M
VF;56;VF56;M;1;VF56M
VF;8;VF8;M;1;VF8M
VF;9;VF9;M;1;VF9M
CAT;1;CAT1;H;4;CAT1H
CAT;1;CAT1;H;5;CAT1H
CAT;1;CAT1;H;6;CAT1H
CAT;10;CAT10;H;4;CAT10H
CAT;10;CAT10;H;5;CAT10H
CAT;10;CAT10;M;2;CAT10M
CAT;10;CAT10;M;3;CAT10M
CAT;11;CAT11;H;4;CAT11H
CAT;11;CAT11;H;5;CAT11H
CAT;11;CAT11;M;2;CAT11M
CAT;12;CAT12;H;4;CAT12H
CAT;12;CAT12;H;5;CAT12H
CAT;12;CAT12;M;3;CAT12M
CAT;13;CAT13;H;4;CAT13H
CAT;13;CAT13;H;5;CAT13H
CAT;13;CAT13;M;3;CAT13M
CAT;14;CAT14;M;3;CAT14M
CAT;15;CAT15;H;4;CAT15H
CAT;15;CAT15;H;5;CAT15H
CAT;15;CAT15;M;2;CAT15M
CAT;15;CAT15;M;3;CAT15M
CAT;2;CAT2;H;5;CAT2H
CAT;3;CAT3;H;4;CAT3H
CAT;3;CAT3;M;3;CAT3M
CAT;4;CAT4;H;4;CAT4H
CAT;4;CAT4;H;5;CAT4H
CAT;4;CAT4;M;2;CAT4M
CAT;5;CAT5;H;4;CAT5H
CAT;5;CAT5;H;5;CAT5H
CAT;6;CAT6;H;4;CAT6H
CAT;6;CAT6;H;5;CAT6H
CAT;6;CAT6;H;6;CAT6H
CAT;6;CAT6;M;3;CAT6M
CAT;7;CAT7;H;4;CAT7H
CAT;7;CAT7;H;5;CAT7H
CAT;7;CAT7;M;3;CAT7M
CAT;8;CAT8;H;4;CAT8H
CAT;8;CAT8;H;5;CAT8H
CAT;8;CAT8;M;2;CAT8M
CAT;9;CAT9;H;4;CAT9H
CAT;9;CAT9;H;5;CAT9H
CAT;9;CAT9;M;2;CAT9M
CAT;9;CAT9;M;3;CAT9M
CAT;10;CAT10;M;b2;CAT10M
CAT;10;CAT10;M;b4;CAT10M
CAT;11;CAT11;M;b3;CAT11M
CAT;11;CAT11;M;b4;CAT11M
CAT;11;CAT11;M;b5;CAT11M
CAT;12;CAT12;M;b1;CAT12M
CAT;12;CAT12;M;b2;CAT12M
CAT;12;CAT12;M;b4;CAT12M
CAT;13;CAT13;M;b1;CAT13M
CAT;13;CAT13;M;b3;CAT13M
CAT;13;CAT13;M;b4;CAT13M
CAT;14;CAT14;M;b3;CAT14M
CAT;15;CAT15;M;b2;CAT15M
CAT;15;CAT15;M;b3;CAT15M
CAT;8;CAT8;M;b4;CAT8M
CAT;8;CAT8;M;b5;CAT8M
CAT;8;CAT8;M;b3;CAT8M
CAT;9;CAT9;M;b2;CAT9M
CAT;9;CAT9;M;b5;CAT9M
CAT;1;CAT1;M;b2;CAT1M
CAT;1;CAT1;M;b3;CAT1M
CAT;1;CAT1;M;b4;CAT1M
CAT;1;CAT1;M;b5;CAT1M
CAT;2;CAT2;M;b3;CAT2M
CAT;2;CAT2;M;b4;CAT2M
CAT;2;CAT2;M;b5;CAT2M
CAT;3;CAT3;M;b1;CAT3M
CAT;3;CAT3;M;b3;CAT3M
CAT;4;CAT4;M;b2;CAT4M
CAT;4;CAT4;M;b4;CAT4M
CAT;4;CAT4;M;b5;CAT4M
CAT;5;CAT5;M;b2;CAT5M
CAT;5;CAT5;M;b3;CAT5M
CAT;5;CAT5;M;b4;CAT5M
CAT;6;CAT6;M;b2;CAT6M
CAT;6;CAT6;M;b3;CAT6M
CAT;6;CAT6;M;b5;CAT6M
CAT;7;CAT7;M;b4;CAT7M
CAT;7;CAT7;M;b5;CAT7M
HY;17;HY17;H;4;HY17H
HY;17;HY17;H;5;HY17H
HY;17;HY17;M;3;HY17M
HY;19;HY19;M;2;HY19M
HY;19;HY19;M; R;HY19M
HY;19;HY19;H;4;HY19H
HY;19;HY19;H;5;HY19H
HY;25;HY25;M;2;HY25M
HY;25;HY25;M;3;HY25M
HY;26;HY26;H;5;HY26H
HY;26;HY26;M;3;HY26M
HY;26;HY26;M; R;HY26M
HY;34;HY34;M;3;HY34M
HY;34;HY34;M;2;HY34M
HY;37;HY37;M;3;HY37M
HY;37;HY37;M;2;HY37M
HY;38;HY38;H;4;HY38H
HY;38;HY38;H;5;HY38H
HY;38;HY38;M;3;HY38M
HY;38;HY38;M;2;HY38M
HY;40;HY40;H;4;HY40H
HY;40;HY40;H;5;HY40H
HY;40;HY40;M;3;HY40M
HY;40;HY40;M;2;HY40M
HY;17;HY17;M;b2;HY17M
HY;17;HY17;M;b3;HY17M
HY;19;HY19;M;b1;HY19M
HY;19;HY19;M;b4;HY19M
HY;25;HY25;M;b1;HY25M
HY;26;HY26;M;b1;HY26M
HY;26;HY26;M;b2;HY26M
HY;34;HY34;M;b4;HY34M
HY;34;HY34;M;b5;HY34M
HY;37;HY37;M;b4;HY37M
HY;38;HY38;M;b2;HY38M
HY;38;HY38;M;b3;HY38M
HY;40;HY40;M;b2;HY40M
HY;40;HY40;M;b4;HY40M
HY;C;HYC;M;b1;HYCM
HY;C;HYC;M;b2;HYCM
HY;C;HYC;H;2;HYCH
HY;C;HYC;H;3;HYCH
HY;C;HYC;H;4;HYCH
HY;C;HYC;M;3;HYCM
LAPACHO;11;LAPACHO11;H;1;LAPACHO11H
LAPACHO;11;LAPACHO11;H;2;LAPACHO11H
LAPACHO;11;LAPACHO11;H;3;LAPACHO11H
LAPACHO;11;LAPACHO11;H;4;LAPACHO11H
LAPACHO;11;LAPACHO11;H;5;LAPACHO11H
LAPACHO;11;LAPACHO11;M;2;LAPACHO11M
LAPACHO;11;LAPACHO11;M;3;LAPACHO11M
LAPACHO;13;LAPACHO13;H;1;LAPACHO13H
LAPACHO;13;LAPACHO13;H;2;LAPACHO13H
LAPACHO;13;LAPACHO13;H;3;LAPACHO13H
LAPACHO;13;LAPACHO13;H;4;LAPACHO13H
LAPACHO;13;LAPACHO13;H;5;LAPACHO13H
LAPACHO;13;LAPACHO13;M;2;LAPACHO13M
LAPACHO;13;LAPACHO13;M;3;LAPACHO13M
LAPACHO;2;LAPACHO2;M;3;LAPACHO2M
LAPACHO;21;LAPACHO21;H;1;LAPACHO21H
LAPACHO;21;LAPACHO21;H;2;LAPACHO21H
LAPACHO;21;LAPACHO21;H;3;LAPACHO21H
LAPACHO;21;LAPACHO21;H;4;LAPACHO21H
LAPACHO;21;LAPACHO21;M;2;LAPACHO21M
LAPACHO;21;LAPACHO21;M;3;LAPACHO21M
LAPACHO;3;LAPACHO3;H;1;LAPACHO3H
LAPACHO;3;LAPACHO3;H;2;LAPACHO3H
LAPACHO;3;LAPACHO3;H;3;LAPACHO3H
LAPACHO;3;LAPACHO3;H;4;LAPACHO3H
LAPACHO;3;LAPACHO3;H;5;LAPACHO3H
LAPACHO;3;LAPACHO3;M;3;LAPACHO3M
LAPACHO;4;LAPACHO4;H;1;LAPACHO4H
LAPACHO;4;LAPACHO4;H;2;LAPACHO4H
LAPACHO;4;LAPACHO4;H;3;LAPACHO4H
LAPACHO;4;LAPACHO4;H;4;LAPACHO4H
LAPACHO;4;LAPACHO4;H;5;LAPACHO4H
LAPACHO;4;LAPACHO4;M;2;LAPACHO4M
LAPACHO;4;LAPACHO4;M;3;LAPACHO4M
LAPACHO;6;LAPACHO6;H;1;LAPACHO6H
LAPACHO;6;LAPACHO6;H;2;LAPACHO6H
LAPACHO;6;LAPACHO6;H;3;LAPACHO6H
LAPACHO;6;LAPACHO6;H;4;LAPACHO6H
LAPACHO;6;LAPACHO6;H;5;LAPACHO6H
LAPACHO;6;LAPACHO6;M;2;LAPACHO6M
LAPACHO;6;LAPACHO6;M;3;LAPACHO6M
LAPACHO;8;LAPACHO8;H;1;LAPACHO8H
LAPACHO;8;LAPACHO8;H;2;LAPACHO8H
LAPACHO;8;LAPACHO8;H;3;LAPACHO8H
LAPACHO;8;LAPACHO8;H;4;LAPACHO8H
LAPACHO;8;LAPACHO8;H;5;LAPACHO8H
LAPACHO;8;LAPACHO8;M;2;LAPACHO8M
LAPACHO;8;LAPACHO8;M;3;LAPACHO8M
LAPACHO;9;LAPACHO9;H;1;LAPACHO9H
LAPACHO;9;LAPACHO9;H;2;LAPACHO9H
LAPACHO;9;LAPACHO9;H;3;LAPACHO9H
LAPACHO;9;LAPACHO9;H;4;LAPACHO9H
LAPACHO;9;LAPACHO9;H;5;LAPACHO9H
LAPACHO;9;LAPACHO9;M;2;LAPACHO9M
LAPACHO;9;LAPACHO9;M;3;LAPACHO9M
LAPACHO;11;LAPACHO11;M;b3;LAPACHO11M
LAPACHO;11;LAPACHO11;M;b4;LAPACHO11M
LAPACHO;13;LAPACHO13;M;b4;LAPACHO13M
LAPACHO;13;LAPACHO13;M;b5;LAPACHO13M
LAPACHO;2;LAPACHO2;M;b2;LAPACHO2M
LAPACHO;2;LAPACHO2;M;b3;LAPACHO2M
LAPACHO;2;LAPACHO2;M;b5;LAPACHO2M
LAPACHO;21;LAPACHO21;M;b2;LAPACHO21M
LAPACHO;21;LAPACHO21;M;b4;LAPACHO21M
LAPACHO;3;LAPACHO3;M;b2;LAPACHO3M
LAPACHO;3;LAPACHO3;M;b3;LAPACHO3M
LAPACHO;3;LAPACHO3;M;b5;LAPACHO3M
LAPACHO;4;LAPACHO4;M;b4;LAPACHO4M
LAPACHO;4;LAPACHO4;M;b5;LAPACHO4M
LAPACHO;6;LAPACHO6;M;b2;LAPACHO6M
LAPACHO;6;LAPACHO6;M;b3;LAPACHO6M
LAPACHO;8;LAPACHO8;M;b3;LAPACHO8M
LAPACHO;8;LAPACHO8;M;b4;LAPACHO8M
LAPACHO;9;LAPACHO9;M;b3;LAPACHO9M
LAPACHO;9;LAPACHO9;M;b4;LAPACHO9M
MG;104;MG104;H;4;MG104H
MG;104;MG104;H;5;MG104H
MG;104;MG104;M;2;MG104M
MG;105;MG105;H;4;MG105H
MG;105;MG105;H;5;MG105H
MG;105;MG105;M;3;MG105M
MG;106;MG106;H;4;MG106H
MG;106;MG106;H;5;MG106H
MG;106;MG106;M;2;MG106M
MG;106;MG106;M; R;MG106M
MG;107;MG107;H;5;MG107H
MG;107;MG107;M;2;MG107M
MG;107;MG107;M;3;MG107M
MG;109;MG109;H;4;MG109H
MG;109;MG109;H;5;MG109H
MG;109;MG109;M;2;MG109M
MG;109;MG109;M;3;MG109M
MG;111;MG111;H;4;MG111H
MG;111;MG111;H;5;MG111H
MG;111;MG111;M;3;MG111M
MG;113;MG113;H;4;MG113H
MG;113;MG113;H;5;MG113H
MG;113;MG113;M;2;MG113M
MG;113;MG113;M; R;MG113M
MG;117;MG117;H;4;MG117H
MG;117;MG117;H;5;MG117H
MG;117;MG117;M;2;MG117M
MG;117;MG117;M;3;MG117M
MG;117;MG117;M;4;MG117M
MG;120;MG120;H;4;MG120H
MG;120;MG120;H;5;MG120H
MG;120;MG120;M;3;MG120M
MG;104;MG104;M;b2;MG104M
MG;104;MG104;M;b3;MG104M
MG;104;MG104;M;b5;MG104M
MG;105;MG105;M;b2;MG105M
MG;105;MG105;M;b4;MG105M
MG;105;MG105;M;b5;MG105M
MG;106;MG106;M;b2;MG106M
MG;106;MG106;M;b3;MG106M
MG;107;MG107;M;b3;MG107M
MG;107;MG107;M;b5;MG107M
MG;109;MG109;M;b4;MG109M
MG;109;MG109;M;b5;MG109M
MG;111;MG111;M;b2;MG111M
MG;111;MG111;M;b3;MG111M
MG;111;MG111;M;b4;MG111M
MG;113;MG113;M;b4;MG113M
MG;113;MG113;M;b5;MG113M
MG;117;MG117;M;b3;MG117M
MG;117;MG117;M;b5;MG117M
MG;120;MG120;M;b2;MG120M
MG;120;MG120;M;b4;MG120M
MG;120;MG120;M;b5;MG120M
MG;C;MGC;M;b3;MGCM
MG;C;MGC;M;b5;MGCM
MG;D ;MGD ;M;b3;MGD M
MG;C;MGC;H;4;MGCH
MG;C;MGC;H;5;MGCH
MG;C;MGC;M;2;MGCM
MG;C;MGC;M;3;MGCM
MG;D ;MGD ;H;4;MGD H
MG;D ;MGD ;H;5;MGD H
MG;D ;MGD ;M;1;MGD M
MG;D ;MGD ;M;3;MGD M
OLTA;1;OLTA1;H;4;OLTA1H
OLTA;1;OLTA1;H;5;OLTA1H
OLTA;1;OLTA1;M;3;OLTA1M
OLTA;10;OLTA10;H;4;OLTA10H
OLTA;10;OLTA10;H;5;OLTA10H
OLTA;10;OLTA10;M;2;OLTA10M
OLTA;10;OLTA10;M;3;OLTA10M
OLTA;11;OLTA11;H;4;OLTA11H
OLTA;11;OLTA11;H;5;OLTA11H
OLTA;11;OLTA11;M;3;OLTA11M
OLTA;12;OLTA12;H;4;OLTA12H
OLTA;12;OLTA12;H;5;OLTA12H
OLTA;12;OLTA12;M;1;OLTA12M
OLTA;12;OLTA12;M;3;OLTA12M
OLTA;2;OLTA2;H;4;OLTA2H
OLTA;2;OLTA2;H;5;OLTA2H
OLTA;2;OLTA2;M;2;OLTA2M
OLTA;2;OLTA2;M;3;OLTA2M
OLTA;3;OLTA3;H;4;OLTA3H
OLTA;3;OLTA3;H;5;OLTA3H
OLTA;3;OLTA3;M;2;OLTA3M
OLTA;4;OLTA4;H;4;OLTA4H
OLTA;4;OLTA4;H;5;OLTA4H
OLTA;4;OLTA4;M;2;OLTA4M
OLTA;4;OLTA4;M;3;OLTA4M
OLTA;5;OLTA5;H;5;OLTA5H
OLTA;5;OLTA5;M;2;OLTA5M
OLTA;5;OLTA5;M;3;OLTA5M
OLTA;6;OLTA6;H;4;OLTA6H
OLTA;6;OLTA6;H;5;OLTA6H
OLTA;6;OLTA6;M;2;OLTA6M
OLTA;6;OLTA6;M;3;OLTA6M
OLTA;7;OLTA7;H;4;OLTA7H
OLTA;7;OLTA7;H;5;OLTA7H
OLTA;7;OLTA7;M;2;OLTA7M
OLTA;7;OLTA7;M;3;OLTA7M
OLTA;8;OLTA8;H;4;OLTA8H
OLTA;8;OLTA8;M;2;OLTA8M
OLTA;8;OLTA8;M;3;OLTA8M
OLTA;9;OLTA9;H;4;OLTA9H
OLTA;9;OLTA9;H;5;OLTA9H
OLTA;9;OLTA9;H;6;OLTA9H
OLTA;9;OLTA9;M;2;OLTA9M
OLTA;1;OLTA1;M;b2;OLTA1M
OLTA;1;OLTA1;M;b4;OLTA1M
OLTA;1;OLTA1;M;b5;OLTA1M
OLTA;2;OLTA2;M;b3;OLTA2M
OLTA;3;OLTA3;M;b1;OLTA3M
OLTA;3;OLTA3;M;b3;OLTA3M
OLTA;3;OLTA3;M;b4;OLTA3M
OLTA;10;OLTA10;M;b2;OLTA10M
OLTA;10;OLTA10;M;b3;OLTA10M
OLTA;11;OLTA11;M;b2;OLTA11M
OLTA;11;OLTA11;M;b3;OLTA11M
OLTA;11;OLTA11;M;b4;OLTA11M
OLTA;12;OLTA12;M;b2;OLTA12M
OLTA;12;OLTA12;M;b5;OLTA12M
OLTA;4;OLTA4;M;b1;OLTA4M
OLTA;4;OLTA4;M;b2;OLTA4M
OLTA;5;OLTA5;M;b1;OLTA5M
OLTA;5;OLTA5;M;b2;OLTA5M
OLTA;6;OLTA6;M;b2;OLTA6M
OLTA;6;OLTA6;M;b4;OLTA6M
OLTA;7;OLTA7;M;b2;OLTA7M
OLTA;7;OLTA7;M;b4;OLTA7M
OLTA;8;OLTA8;M;b2;OLTA8M
OLTA;8;OLTA8;M;b3;OLTA8M
OLTA;9;OLTA9;M;b3;OLTA9M
OLTA;9;OLTA9;M;b4;OLTA9M
OLTA;9;OLTA9;M;b5;OLTA9M
PTQ;13;PTQ13;H;5;PTQ13H
PTQ;13;PTQ13;M;2;PTQ13M
PTQ;13;PTQ13;M;3;PTQ13M
PTQ;14;PTQ14;H;4;PTQ14H
PTQ;14;PTQ14;H;5;PTQ14H
PTQ;14;PTQ14;M; 3-1;PTQ14M
PTQ;14;PTQ14;M;4;PTQ14M
PTQ;15;PTQ15;H;3;PTQ15H
PTQ;15;PTQ15;H;4;PTQ15H
PTQ;15;PTQ15;H;5;PTQ15H
PTQ;15;PTQ15;M;2;PTQ15M
PTQ;15;PTQ15;M;3;PTQ15M
PTQ;2;PTQ2;H;1;PTQ2H
PTQ;2;PTQ2;H;2;PTQ2H
PTQ;2;PTQ2;H;3;PTQ2H
PTQ;2;PTQ2;H;4;PTQ2H
PTQ;2;PTQ2;H;5;PTQ2H
PTQ;2;PTQ2;M;2;PTQ2M
PTQ;2;PTQ2;M;3;PTQ2M
PTQ;21;PTQ21;H;3;PTQ21H
PTQ;21;PTQ21;H;4;PTQ21H
PTQ;21;PTQ21;M;2;PTQ21M
PTQ;21;PTQ21;M;3;PTQ21M
PTQ;21;PTQ21;M;4;PTQ21M
PTQ;22;PTQ22;H;3;PTQ22H
PTQ;22;PTQ22;H;4;PTQ22H
PTQ;22;PTQ22;H;5;PTQ22H
PTQ;22;PTQ22;M;2;PTQ22M
PTQ;22;PTQ22;M;3;PTQ22M
PTQ;24;PTQ24;H;4;PTQ24H
PTQ;24;PTQ24;M;2;PTQ24M
PTQ;24;PTQ24;M;3;PTQ24M
PTQ;27;PTQ27;H;4;PTQ27H
PTQ;27;PTQ27;H;5;PTQ27H
PTQ;27;PTQ27;M;2;PTQ27M
PTQ;3;PTQ3;H;1;PTQ3H
PTQ;3;PTQ3;H;2;PTQ3H
PTQ;3;PTQ3;H;3;PTQ3H
PTQ;3;PTQ3;H;4;PTQ3H
PTQ;3;PTQ3;H;5;PTQ3H
PTQ;3;PTQ3;M;2;PTQ3M
PTQ;3;PTQ3;M;3;PTQ3M
PTQ;30;PTQ30;H;2;PTQ30H
PTQ;30;PTQ30;H;3;PTQ30H
PTQ;30;PTQ30;H;4;PTQ30H
PTQ;30;PTQ30;H;5;PTQ30H
PTQ;30;PTQ30;M;3;PTQ30M
PTQ;30;PTQ30;M;4;PTQ30M
PTQ;34;PTQ34;H;4;PTQ34H
PTQ;34;PTQ34;H;5;PTQ34H
PTQ;36;PTQ36;H;1;PTQ36H
PTQ;36;PTQ36;H;2;PTQ36H
PTQ;36;PTQ36;H;3;PTQ36H
PTQ;36;PTQ36;H;4;PTQ36H
PTQ;36;PTQ36;H;5;PTQ36H
PTQ;36;PTQ36;M;3;PTQ36M
PTQ;39;PTQ39;H;4;PTQ39H
PTQ;39;PTQ39;H;5;PTQ39H
PTQ;39;PTQ39;M;2;PTQ39M
PTQ;8;PTQ8;M;3;PTQ8M
PTQ;8;PTQ8;H;2;PTQ8H
PTQ;8;PTQ8;H;3;PTQ8H
PTQ;8;PTQ8;H;4;PTQ8H
PTQ;8;PTQ8;M;2;PTQ8M
PTQ;13;PTQ13;M;b3;PTQ13M
PTQ;13;PTQ13;M;b5;PTQ13M
PTQ;14;PTQ14;M;b2;PTQ14M
PTQ;14;PTQ14;M;b3;PTQ14M
PTQ;15;PTQ15;M;b2;PTQ15M
PTQ;15;PTQ15;M;b4;PTQ15M
PTQ;2;PTQ2;M;b3;PTQ2M
PTQ;2;PTQ2;M;b5;PTQ2M
PTQ;22;PTQ22;M;b1;PTQ22M
PTQ;22;PTQ22;M;b2;PTQ22M
PTQ;24;PTQ24;M;b2;PTQ24M
PTQ;24;PTQ24;M;b3;PTQ24M
PTQ;27;PTQ27;M;b2;PTQ27M
PTQ;27;PTQ27;M;b4;PTQ27M
PTQ;27;PTQ27;M;b5;PTQ27M
PTQ;3;PTQ3;M;b3;PTQ3M
PTQ;3;PTQ3;M;b4;PTQ3M
PTQ;30;PTQ30;M;b4;PTQ30M
PTQ;34;PTQ34;M;b3;PTQ34M
PTQ;34;PTQ34;M;b4;PTQ34M
PTQ;34;PTQ34;M;b5;PTQ34M
PTQ;36;PTQ36;M;b2;PTQ36M
PTQ;36;PTQ36;M;b3;PTQ36M
PTQ;39;PTQ39;M;b2;PTQ39M
PTQ;39;PTQ39;M;b4;PTQ39M
PTQ;39;PTQ39;M;b5;PTQ39M
PTQ;8;PTQ8;M;b2;PTQ8M
PTQ;8;PTQ8;M;b4;PTQ8M
QUILINO;1;QUILINO1;M;3;QUILINO1M
QUILINO;1;QUILINO1;H;4;QUILINO1H
QUILINO;1;QUILINO1;H;5;QUILINO1H
QUILINO;2;QUILINO2;H;4;QUILINO2H
QUILINO;2;QUILINO2;H;5;QUILINO2H
QUILINO;2;QUILINO2;M;3;QUILINO2M
QUILINO;3;QUILINO3;H;4;QUILINO3H
QUILINO;3;QUILINO3;H;5;QUILINO3H
QUILINO;3;QUILINO3;M;2;QUILINO3M
QUILINO;3;QUILINO3;M;3;QUILINO3M
QUILINO;4;QUILINO4;H;4;QUILINO4H
QUILINO;4;QUILINO4;H;5;QUILINO4H
QUILINO;4;QUILINO4;M;2;QUILINO4M
QUILINO;4;QUILINO4;M;3;QUILINO4M
QUILINO;5;QUILINO5;H;4;QUILINO5H
QUILINO;5;QUILINO5;H;5;QUILINO5H
QUILINO;5;QUILINO5;M;2;QUILINO5M
QUILINO;5;QUILINO5;M;3;QUILINO5M
QUILINO;6;QUILINO6;H;4;QUILINO6H
QUILINO;6;QUILINO6;H;5;QUILINO6H
QUILINO;6;QUILINO6;M;3;QUILINO6M
QUILINO;7;QUILINO7;H;4;QUILINO7H
QUILINO;7;QUILINO7;H;5;QUILINO7H
QUILINO;7;QUILINO7;M;3;QUILINO7M
QUILINO;8;QUILINO8;H;1;QUILINO8H
QUILINO;8;QUILINO8;H;2;QUILINO8H
QUILINO;8;QUILINO8;H;3;QUILINO8H
QUILINO;8;QUILINO8;H;4;QUILINO8H
QUILINO;8;QUILINO8;H;5;QUILINO8H
QUILINO;8;QUILINO8;M;2;QUILINO8M
QUILINO;1;QUILINO1;M;b3;QUILINO1M
QUILINO;2;QUILINO2;M;b2;QUILINO2M
QUILINO;2;QUILINO2;M;b3;QUILINO2M
QUILINO;2;QUILINO2;M;b4;QUILINO2M
QUILINO;3;QUILINO3;M;b4;QUILINO3M
QUILINO;3;QUILINO3;M;b5;QUILINO3M
QUILINO;4;QUILINO4;M;b2;QUILINO4M
QUILINO;4;QUILINO4;M;b3;QUILINO4M
QUILINO;5;QUILINO5;M;b2;QUILINO5M
QUILINO;5;QUILINO5;M;b3;QUILINO5M
QUILINO;6;QUILINO6;M;b2;QUILINO6M
QUILINO;6;QUILINO6;M;b3;QUILINO6M
QUILINO;6;QUILINO6;M;b4;QUILINO6M
QUILINO;7;QUILINO7;M;b2;QUILINO7M
QUILINO;7;QUILINO7;M;b5;QUILINO7M
QUILINO;8;QUILINO8;M;b2;QUILINO8M
QUILINO;8;QUILINO8;M;b3;QUILINO8M
QUILINO;8;QUILINO8;M;b5;QUILINO8M
SALAR;12;SALAR12;H;4;SALAR12H
SALAR;12;SALAR12;H;5;SALAR12H
SALAR;12;SALAR12;M;2;SALAR12M
SALAR;13;SALAR13;H;4;SALAR13H
SALAR;13;SALAR13;H;5;SALAR13H
SALAR;13;SALAR13;M;2;SALAR13M
SALAR;13;SALAR13;M;3;SALAR13M
SALAR;15;SALAR15;H;4;SALAR15H
SALAR;15;SALAR15;H;5;SALAR15H
SALAR;15;SALAR15;H;6;SALAR15H
SALAR;15;SALAR15;M;2;SALAR15M
SALAR;29;SALAR29;H;4;SALAR29H
SALAR;29;SALAR29;H;5;SALAR29H
SALAR;29;SALAR29;M;1;SALAR29M
SALAR;31;SALAR31;H;4;SALAR31H
SALAR;31;SALAR31;H;5;SALAR31H
SALAR;31;SALAR31;M;2;SALAR31M
SALAR;37;SALAR37;H;4;SALAR37H
SALAR;37;SALAR37;H;5;SALAR37H
SALAR;39;SALAR39;H;4;SALAR39H
SALAR;39;SALAR39;H;5;SALAR39H
SALAR;39;SALAR39;M;2;SALAR39M
SALAR;39;SALAR39;M;4;SALAR39M
SALAR;39;SALAR39;M;5;SALAR39M
SALAR;42;SALAR42;H;4;SALAR42H
SALAR;42;SALAR42;H;5;SALAR42H
SALAR;42;SALAR42;M;2;SALAR42M
SALAR;50;SALAR50;H;4;SALAR50H
SALAR;50;SALAR50;H;5;SALAR50H
SALAR;50;SALAR50;M;2;SALAR50M
SALAR;54;SALAR54;H;4;SALAR54H
SALAR;54;SALAR54;H;5;SALAR54H
SALAR;69;SALAR69;H;4;SALAR69H
SALAR;69;SALAR69;H;5;SALAR69H
SALAR;69;SALAR69;M;2;SALAR69M
SALAR;72;SALAR72;H;4;SALAR72H
SALAR;72;SALAR72;H;5;SALAR72H
SALAR;72;SALAR72;M;2;SALAR72M
SALAR;82;SALAR82;H;4;SALAR82H
SALAR;82;SALAR82;H;5;SALAR82H
SALAR;82;SALAR82;M;2;SALAR82M
SALAR;85;SALAR85;H;4;SALAR85H
SALAR;85;SALAR85;M;2;SALAR85M
SALAR;93;SALAR93;H;4;SALAR93H
SALAR;93;SALAR93;H;5;SALAR93H
SALAR;93;SALAR93;M;2;SALAR93M
SALAR;93;SALAR93;M;3;SALAR93M
SALAR;12;SALAR12;M;b2;SALAR12M
SALAR;12;SALAR12;M;b3;SALAR12M
SALAR;13;SALAR13;M;b1;SALAR13M
SALAR;13;SALAR13;M;b2;SALAR13M
SALAR;13;SALAR13;M;b3;SALAR13M
SALAR;15;SALAR15;M;b2;SALAR15M
SALAR;15;SALAR15;M;b3;SALAR15M
SALAR;15;SALAR15;M;b4;SALAR15M
SALAR;29;SALAR29;M;b2;SALAR29M
SALAR;29;SALAR29;M;b3;SALAR29M
SALAR;29;SALAR29;M;b4;SALAR29M
SALAR;29;SALAR29;M;b5;SALAR29M
SALAR;31;SALAR31;M;b2;SALAR31M
SALAR;31;SALAR31;M;b5;SALAR31M
SALAR;37;SALAR37;M;b2;SALAR37M
SALAR;37;SALAR37;M;b3;SALAR37M
SALAR;37;SALAR37;M;b4;SALAR37M
SALAR;42;SALAR42;M;b2;SALAR42M
SALAR;42;SALAR42;M;b3;SALAR42M
SALAR;42;SALAR42;M;b5;SALAR42M
SALAR;50;SALAR50;M;b2;SALAR50M
SALAR;50;SALAR50;M;b4;SALAR50M
SALAR;50;SALAR50;M;b5;SALAR50M
SALAR;54;SALAR54;M;b3;SALAR54M
SALAR;54;SALAR54;M;b4;SALAR54M
SALAR;54;SALAR54;M;b5;SALAR54M
SALAR;69;SALAR69;M;b3;SALAR69M
SALAR;69;SALAR69;M;b4;SALAR69M
SALAR;69;SALAR69;M;b5;SALAR69M
SALAR;72;SALAR72;M;b2;SALAR72M
SALAR;72;SALAR72;M;b3;SALAR72M
SALAR;72;SALAR72;M;b5;SALAR72M
SALAR;82;SALAR82;M;b1;SALAR82M
SALAR;82;SALAR82;M;b3;SALAR82M
SALAR;82;SALAR82;M;b5;SALAR82M
SALAR;85;SALAR85;M;b2;SALAR85M
SALAR;85;SALAR85;M;b3;SALAR85M
SALAR;85;SALAR85;M;b5;SALAR85M
SALAR;93;SALAR93;M;b2;SALAR93M
SALAR;93;SALAR93;M;b4;SALAR93M
SP;1;SP1;H;1;SP1H
SP;1;SP1;H;2;SP1H
SP;1;SP1;H;3;SP1H
SP;1;SP1;H;4;SP1H
SP;1;SP1;H;5;SP1H
SP;2;SP2;H;1;SP2H
SP;2;SP2;H;2;SP2H
SP;2;SP2;H;3;SP2H
SP;2;SP2;H;4;SP2H
SP;2;SP2;H;5;SP2H
SP;2;SP2;M;2;SP2M
SP;2;SP2;M;3;SP2M
SP;3;SP3;H;1;SP3H
SP;3;SP3;H;2;SP3H
SP;3;SP3;H;3;SP3H
SP;3;SP3;H;4;SP3H
SP;3;SP3;H;5;SP3H
SP;4;SP4;H;1;SP4H
SP;4;SP4;H;2;SP4H
SP;4;SP4;H;3;SP4H
SP;4;SP4;H;4;SP4H
SP;4;SP4;H;5;SP4H
SP;4;SP4;M;3;SP4M
SP;5;SP5;H;1;SP5H
SP;5;SP5;H;2;SP5H
SP;5;SP5;H;3;SP5H
SP;5;SP5;H;4;SP5H
SP;5;SP5;H;5;SP5H
SP;5;SP5;M;2;SP5M
SP;5;SP5;M;3;SP5M
SP;6;SP6;H;1;SP6H
SP;6;SP6;H;2;SP6H
SP;6;SP6;H;3;SP6H
SP;6;SP6;H;4;SP6H
SP;6;SP6;H;5;SP6H
SP;6;SP6;M;2;SP6M
SP;7;SP7;H;1;SP7H
SP;7;SP7;H;2;SP7H
SP;7;SP7;H;3;SP7H
SP;7;SP7;H;4;SP7H
SP;7;SP7;H;5;SP7H
SP;7;SP7;M;3;SP7M
SP;8;SP8;H;1;SP8H
SP;8;SP8;H;2;SP8H
SP;8;SP8;H;3;SP8H
SP;8;SP8;H;4;SP8H
SP;8;SP8;H;5;SP8H
SP;8;SP8;M;2;SP8M
SP;8;SP8;M;3;SP8M
SP;9;SP9;H;1;SP9H
SP;9;SP9;H;2;SP9H
SP;9;SP9;H;3;SP9H
SP;9;SP9;H;4;SP9H
SP;9;SP9;H;5;SP9H
SP;9;SP9;M;1;SP9M
SP;9;SP9;M;3;SP9M
SP;1;SP1;M;b2;SP1M
SP;1;SP1;M;b3;SP1M
SP;1;SP1;M;b4;SP1M
SP;1;SP1;M;b5;SP1M
SP;2;SP2;M;b3;SP2M
SP;2;SP2;M;b5;SP2M
SP;3;SP3;M;b2;SP3M
SP;3;SP3;M;b3;SP3M
SP;3;SP3;M;b4;SP3M
SP;3;SP3;M;b5;SP3M
SP;4;SP4;M;b2;SP4M
SP;4;SP4;M;b3;SP4M
SP;4;SP4;M;b5;SP4M
SP;5;SP5;M;b2;SP5M
SP;5;SP5;M;b3;SP5M
SP;6;SP6;M;b2;SP6M
SP;6;SP6;M;b3;SP6M
SP;6;SP6;M;b4;SP6M
SP;7;SP7;M;b2;SP7M
SP;7;SP7;M;b4;SP7M
SP;7;SP7;M;b5;SP7M
SP;8;SP8;M;b2;SP8M
SP;8;SP8;M;b3;SP8M
SP;9;SP9;M;b2;SP9M
SP;9;SP9;M;b3;SP9M
STGO;1;STGO1;M;ss1;STGO1M
STGO;1;STGO1;M;ss2;STGO1M
STGO;10;STGO10;M;ss2;STGO10M
STGO;11;STGO11;M;ss1;STGO11M
STGO;11;STGO11;M;ss2;STGO11M
STGO;13;STGO13;M;ss1;STGO13M
STGO;13;STGO13;M;ss2;STGO13M
STGO;2;STGO2;M;ss1;STGO2M
STGO;2;STGO2;M;ss2;STGO2M
STGO;2;STGO2;M;ss3;STGO2M
STGO;3;STGO3;M;ss2;STGO3M
STGO;3;STGO3;M;ss3;STGO3M
STGO;5;STGO5;M;ss3;STGO5M
STGO;6;STGO6;M;ss2;STGO6M
STGO;6;STGO6;M;ss1;STGO6M
STGO;7;STGO7;M;ss1;STGO7M
STGO;7;STGO7;M;ss2;STGO7M
STGO;9;STGO9;M;ss1;STGO9M
STGO;10;STGO10;M;2;STGO10M
STGO;11;STGO11;M;3;STGO11M
STGO;11;STGO11;M;2;STGO11M
STGO;12;STGO12;M;1;STGO12M
STGO;12;STGO12;M;3;STGO12M
STGO;13;STGO13;M;1;STGO13M
STGO;13;STGO13;M;3;STGO13M
STGO;15;STGO15;M;2;STGO15M
STGO;2;STGO2;M;3;STGO2M
STGO;3;STGO3;M;3;STGO3M
STGO;3;STGO3;M;2;STGO3M
STGO;4;STGO4;M;1;STGO4M
STGO;4;STGO4;M;2;STGO4M
STGO;5;STGO5;M;3;STGO5M
STGO;6;STGO6;M;2;STGO6M
STGO;7;STGO7;M;3;STGO7M
STGO;7;STGO7;M;2;STGO7M
STGO;8;STGO8;M;3;STGO8M
STGO;8;STGO8;M;2;STGO8M
STGO;9;STGO9;M;3;STGO9M
STGO;9;STGO9;M;2;STGO9M
STGO;1;STGO1;H;ss4;STGO1H
STGO;1;STGO1;H;ss5;STGO1H
STGO;10;STGO10;H;ss4;STGO10H
STGO;10;STGO10;H;ss5;STGO10H
STGO;11;STGO11;H;ss4;STGO11H
STGO;11;STGO11;H;ss5;STGO11H
STGO;11;STGO11;H;ss6;STGO11H
STGO;12;STGO12;H;ss5;STGO12H
STGO;13;STGO13;H;ss4;STGO13H
STGO;13;STGO13;H;ss5;STGO13H
STGO;14;STGO14;H;ss1;STGO14H
STGO;14;STGO14;H;ss2;STGO14H
STGO;14;STGO14;H;ss3;STGO14H
STGO;14;STGO14;H;ss4;STGO14H
STGO;14;STGO14;H;ss5;STGO14H
STGO;15;STGO15;H;ss4;STGO15H
STGO;15;STGO15;H;ss5;STGO15H
STGO;2;STGO2;H;ss4;STGO2H
STGO;3;STGO3;H;ss4;STGO3H
STGO;3;STGO3;H;ss5;STGO3H
STGO;4;STGO4;H;ss4;STGO4H
STGO;4;STGO4;H;ss5;STGO4H
STGO;5;STGO5;H;ss4;STGO5H
STGO;5;STGO5;H;ss5;STGO5H
STGO;6;STGO6;H;ss4;STGO6H
STGO;6;STGO6;H;ss5;STGO6H
STGO;7;STGO7;H;ss4;STGO7H
STGO;7;STGO7;H;ss5;STGO7H
STGO;8;STGO8;H;ss4;STGO8H
STGO;9;STGO9;H;ss4;STGO9H
STGO;9;STGO9;H;ss5;STGO9H
STGO;1;STGO1;M;ssb5;STGO1M
STGO;10;STGO10;M;ssb2;STGO10M
STGO;12;STGO12;M;ssb2;STGO12M
STGO;12;STGO12;M;ssb5;STGO12M
STGO;4;STGO4;M;ssb3;STGO4M
STGO;4;STGO4;M;ssb4;STGO4M
STGO;4;STGO4;M;ssb5;STGO4M
STGO;5;STGO5;M;ssb3;STGO5M
STGO;6;STGO6;M;ssb4;STGO6M
STGO;8;STGO8;M;ssb2;STGO8M
STGO;8;STGO8;M;ssb4;STGO8M
STGO;9;STGO9;M;ssb5;STGO9M
STGO;14;STGO14;M;ssb1;STGO14M
STGO;14;STGO14;M;ssb2;STGO14M
STGO;14;STGO14;M;ssb3;STGO14M
STGO;14;STGO14;M;ssb4;STGO14M
STGO;14;STGO14;M;ssb5;STGO14M
STGO;15;STGO15;M;ssb2;STGO15M
STGO;15;STGO15;M;ssb4;STGO15M
TIC;3;TIC3;H;2;TIC3H
TIC;3;TIC3;H;3;TIC3H
TIC;3;TIC3;H;5;TIC3H
TIC;1;TIC1;M;b2;TIC1M
TIC;1;TIC1;M;b3;TIC1M
TIC;1;TIC1;M;b4;TIC1M
TIC;10;TIC10;M;b2;TIC10M
TIC;10;TIC10;M;b3;TIC10M
TIC;10;TIC10;M;b5;TIC10M
TIC;11;TIC11;M;b2;TIC11M
TIC;11;TIC11;M;b3;TIC11M
TIC;11;TIC11;M;b4;TIC11M
TIC;12;TIC12;M;b2;TIC12M
TIC;12;TIC12;M;b3;TIC12M
TIC;26;TIC26;M;b3;TIC26M
TIC;3;TIC3;M;b3;TIC3M
TIC;3;TIC3;M;b4;TIC3M
TIC;36;TIC36;M;b3;TIC36M
TIC;36;TIC36;M;b4;TIC36M
TIC;36;TIC36;M;b5;TIC36M
TIC;37;TIC37;M;b3;TIC37M
TIC;37;TIC37;M;b4;TIC37M
TIC;37;TIC37;M;b5;TIC37M
TIC;4;TIC4;M;b3;TIC4M
TIC;4;TIC4;M;b4;TIC4M
TIC;4;TIC4;M;b5;TIC4M
TIC;6;TIC6;M;b3;TIC6M
TIC;6;TIC6;M;b5;TIC6M
TIC;38;TIC38;M;b4;TIC38M
TIC;38;TIC38;M;b5;TIC38M
TIC;40;TIC40;M;b3;TIC40M
TIC;40;TIC40;M;b5;TIC40M
TIC;45;TIC45;M;b3;TIC45M
TIC;45;TIC45;M;b4;TIC45M
TIC;1;TIC1;H;1;TIC1H
TIC;1;TIC1;H;2;TIC1H
TIC;1;TIC1;H;3;TIC1H
TIC;1;TIC1;H;4;TIC1H
TIC;1;TIC1;H;5;TIC1H
TIC;1;TIC1;M;3;TIC1M
TIC;10;TIC10;M;3;TIC10M
TIC;11;TIC11;H;1;TIC11H
TIC;11;TIC11;H;2;TIC11H
TIC;11;TIC11;M;2;TIC11M
TIC;12;TIC12;H;1;TIC12H
TIC;12;TIC12;H;2;TIC12H
TIC;12;TIC12;H;3;TIC12H
TIC;12;TIC12;H;4;TIC12H
TIC;12;TIC12;H;5;TIC12H
TIC;12;TIC12;M;2;TIC12M
TIC;26;TIC26;H;1;TIC26H
TIC;26;TIC26;H;2;TIC26H
TIC;26;TIC26;H;3;TIC26H
TIC;26;TIC26;H;4;TIC26H
TIC;26;TIC26;H;5;TIC26H
TIC;26;TIC26;M;3;TIC26M
TIC;3;TIC3;M;2;TIC3M
TIC;3;TIC3;M;3;TIC3M
TIC;36;TIC36;H;1;TIC36H
TIC;36;TIC36;H;2;TIC36H
TIC;36;TIC36;H;3;TIC36H
TIC;36;TIC36;H;4;TIC36H
TIC;36;TIC36;H;5;TIC36H
TIC;36;TIC36;M;2;TIC36M
TIC;36;TIC36;M;3;TIC36M
TIC;37;TIC37;H;1;TIC37H
TIC;37;TIC37;H;2;TIC37H
TIC;37;TIC37;H;3;TIC37H
TIC;37;TIC37;H;4;TIC37H
TIC;37;TIC37;H;5;TIC37H
TIC;37;TIC37;M;2;TIC37M
TIC;38;TIC38;M;3;TIC38M
TIC;38;TIC38;H;2;TIC38H
TIC;38;TIC38;H;3;TIC38H
TIC;38;TIC38;H;4;TIC38H
TIC;38;TIC38;H;6;TIC38H
TIC;38;TIC38;H;7;TIC38H
TIC;38;TIC38;M;2;TIC38M
TIC;4;TIC4;H;1;TIC4H
TIC;4;TIC4;H;3;TIC4H
TIC;4;TIC4;M;3;TIC4M
TIC;40;TIC40;H;3;TIC40H
TIC;40;TIC40;H;4;TIC40H
TIC;40;TIC40;M;2;TIC40M
TIC;45;TIC45;H;1;TIC45H
TIC;45;TIC45;H;2;TIC45H
TIC;45;TIC45;H;3;TIC45H
TIC;45;TIC45;H;4;TIC45H
TIC;45;TIC45;H;5;TIC45H
TIC;45;TIC45;M;2;TIC45M
TIC;45;TIC45;M;3;TIC45M
TIC;6;TIC6;H;1;TIC6H
TIC;6;TIC6;H;2;TIC6H
TIC;6;TIC6;H;3;TIC6H
TIC;6;TIC6;H;4;TIC6H
TIC;6;TIC6;H;5;TIC6H
TIC;6;TIC6;M;2;TIC6M
VF;36;VF36;M;3;VF36M
VF;80;VF80;M;3;VF80M
VF;1;VF1;H;1;VF1H
VF;1;VF1;H;2;VF1H
VF;1;VF1;H;3;VF1H
VF;1;VF1;H;4;VF1H
VF;1;VF1;H;5;VF1H
VF;1;VF1;M;2;VF1M
VF;10;VF10;H;1;VF10H
VF;10;VF10;H;4;VF10H
VF;10;VF10;H;5;VF10H
VF;10;VF10;M;2;VF10M
VF;19;VF19;H;1;VF19H
VF;19;VF19;H;2;VF19H
VF;19;VF19;H;3;VF19H
VF;19;VF19;H;4;VF19H
VF;19;VF19;H;5;VF19H
VF;19;VF19;M;2;VF19M
VF;19;VF19;M;3;VF19M
VF;19;VF19;M;1;VF19M
VF;23;VF23;H;1;VF23H
VF;23;VF23;H;2;VF23H
VF;23;VF23;H;3;VF23H
VF;23;VF23;H;4;VF23H
VF;23;VF23;H;5;VF23H
VF;23;VF23;M;2;VF23M
VF;23;VF23;M;3;VF23M
VF;24;VF24;H;1;VF24H
VF;24;VF24;H;2;VF24H
VF;24;VF24;H;3;VF24H
VF;24;VF24;H;4;VF24H
VF;24;VF24;H;5;VF24H
VF;24;VF24;M;2;VF24M
VF;24;VF24;M;3;VF24M
VF;29;VF29;H;1;VF29H
VF;29;VF29;H;2;VF29H
VF;29;VF29;H;4;VF29H
VF;29;VF29;H;5;VF29H
VF;29;VF29;M;2;VF29M
VF;29;VF29;M;3;VF29M
VF;36;VF36;H;1;VF36H
VF;36;VF36;H;2;VF36H
VF;36;VF36;H;3;VF36H
VF;36;VF36;H;4;VF36H
VF;36;VF36;H;5;VF36H
VF;36;VF36;M;2;VF36M
VF;49;VF49;H;1;VF49H
VF;49;VF49;H;2;VF49H
VF;49;VF49;H;3;VF49H
VF;49;VF49;H;4;VF49H
VF;49;VF49;H;5;VF49H
VF;49;VF49;M;3;VF49M
VF;52;VF52;H;1;VF52H
VF;52;VF52;H;2;VF52H
VF;52;VF52;H;3;VF52H
VF;52;VF52;H;4;VF52H
VF;52;VF52;H;5;VF52H
VF;52;VF52;M;2;VF52M
VF;52;VF52;M;3;VF52M
VF;56;VF56;H;2;VF56H
VF;56;VF56;H;3;VF56H
VF;56;VF56;H;4;VF56H
VF;56;VF56;H;5;VF56H
VF;56;VF56;M;2;VF56M
VF;56;VF56;M;3;VF56M
VF;60;VF60;H;1;VF60H
VF;60;VF60;H;2;VF60H
VF;60;VF60;H;3;VF60H
VF;60;VF60;H;5;VF60H
VF;60;VF60;M;2;VF60M
VF;8;VF8;H;1;VF8H
VF;8;VF8;H;2;VF8H
VF;8;VF8;M;2;VF8M
VF;8;VF8;M;3;VF8M
VF;80;VF80;H;1;VF80H
VF;80;VF80;H;2;VF80H
VF;80;VF80;H;3;VF80H
VF;80;VF80;H;4;VF80H
VF;80;VF80;H;5;VF80H
VF;80;VF80;M;2;VF80M
VF;9;VF9;H;1;VF9H
VF;9;VF9;H;2;VF9H
VF;9;VF9;H;3;VF9H
VF;9;VF9;H;4;VF9H
VF;9;VF9;H;5;VF9H
VF;9;VF9;M;2;VF9M
VF;1;VF1;M;b2;VF1M
VF;1;VF1;M;b4;VF1M
VF;1;VF1;M;b5;VF1M
VF;10;VF10;M;b2;VF10M
VF;10;VF10;M;b3;VF10M
VF;10;VF10;M;b4;VF10M
VF;19;VF19;M;b2;VF19M
VF;23;VF23;M;b4;VF23M
VF;23;VF23;M;b5;VF23M
VF;24;VF24;M;b4;VF24M
VF;24;VF24;M;b5;VF24M
VF;29;VF29;M;b2;VF29M
VF;29;VF29;M;b4;VF29M
VF;36;VF36;M;b4;VF36M
VF;36;VF36;M;b5;VF36M
VF;49;VF49;M;b2;VF49M
VF;49;VF49;M;b3;VF49M
VF;49;VF49;M;b5;VF49M
VF;52;VF52;M;b3;VF52M
VF;52;VF52;M;b4;VF52M
VF;56;VF56;M;b2;VF56M
VF;56;VF56;M;b3;VF56M
VF;60;VF60;M;b2;VF60M
VF;60;VF60;M;b5;VF60M
VF;8;VF8;M;b2;VF8M
VF;8;VF8;M;b4;VF8M
VF;80;VF80;M;b2;VF80M
VF;9;VF9;M;b3;VF9M
VF;9;VF9;M;b4;VF9M
VF;9;VF9;M;b5;VF9M
HY;C;HYC;M;2;HYCM
SALAR;12;SALAR12;M;3;SALAR12M
SALAR;31;SALAR31;M;3;SALAR31M
SALAR;37;SALAR37;M;3;SALAR37M
SALAR;39;SALAR39;M;3;SALAR39M
SALAR;54;SALAR54;M;3;SALAR54M
CAT;2;CAT2;H;4;CAT2H
CAT;2;CAT2;M;3;CAT2M
CAT;3;CAT3;M;2;CAT3M
CAT;5;CAT5;M;2;CAT5M
CAT;14;CAT14;M;b5;CAT14M
HY;17;HY17;M;b4;HY17M
HY;25;HY25;M;b2;HY25M
HY;25;HY25;M;b3;HY25M
HY;25;HY25;M;b5;HY25M
HY;37;HY37;M;b3;HY37M
MG;107;MG107;H;4;MG107H
MG;D ;MGD ;M;b4;MGD M
OLTA;5;OLTA5;H;4;OLTA5H
OLTA;8;OLTA8;H;5;OLTA8H
OLTA;2;OLTA2;M;b2;OLTA2M
PTQ;13;PTQ13;H;4;PTQ13H
PTQ;13;PTQ13;H;5;PTQ13H
PTQ;21;PTQ21;H;5;PTQ21H
PTQ;24;PTQ24;H;5;PTQ24H
PTQ;8;PTQ8;H;1;PTQ8H
QUILINO;1;QUILINO1;M;b4;QUILINO1M
QUILINO;1;QUILINO1;M;b5;QUILINO1M
QUILINO;7;QUILINO7;M;b4;QUILINO7M
STGO;10;STGO10;M;ss1;STGO10M
STGO;15;STGO15;M;3;STGO15M
STGO;2;STGO2;H;ss5;STGO2H
STGO;8;STGO8;H;ss5;STGO8H
STGO;1;STGO1;M;ssb4;STGO1M
TIC;3;TIC3;H;1;TIC3H
TIC;3;TIC3;H;4;TIC3H
TIC;26;TIC26;M;b2;TIC26M
TIC;26;TIC26;M;b4;TIC26M
TIC;6;TIC6;M;b4;TIC6M
TIC;11;TIC11;H;2;TIC11H
TIC;12;TIC12;M;3;TIC12M
TIC;4;TIC4;H;2;TIC4H
TIC;40;TIC40;H;1;TIC40H
TIC;40;TIC40;H;5;TIC40H
VF;10;VF10;H;2;VF10H
VF;10;VF10;H;3;VF10H
VF;29;VF29;H;3;VF29H
VF;8;VF8;H;3;VF8H
VF;60;VF60;M;b4;VF60M
VF;80;VF80;M;b4;VF80M
CAT;10;CAT10;M;1;CAT10M
CAT;11;CAT11;M;1;CAT11M
CAT;12;CAT12;M;1;CAT12M
CAT;13;CAT13;M;1;CAT13M
CAT;3;CAT3;M;1;CAT3M
CAT;4;CAT4;M;1;CAT4M
CAT;9;CAT9;M;1;CAT9M
HY;17;HY17;M;1;HY17M
HY;19;HY19;M;1;HY19M
HY;25;HY25;M;1;HY25M
HY;26;HY26;M;1;HY26M
HY;C;HYC;M;1;HYCM
MG;106;MG106;M;1;MG106M
MG;107;MG107;M;1;MG107M
MG;109;MG109;M;1;MG109M
MG;C;MGC;M;1;MGCM
OLTA;3;OLTA3;M;1;OLTA3M
OLTA;4;OLTA4;M;1;OLTA4M
OLTA;5;OLTA5;M;1;OLTA5M
OLTA;6;OLTA6;M;1;OLTA6M
OLTA;7;OLTA7;M;1;OLTA7M
PTQ;14;PTQ14;M;1;PTQ14M
PTQ;21;PTQ21;M;1;PTQ21M
PTQ;22;PTQ22;M;1;PTQ22M
PTQ;24;PTQ24;M;1;PTQ24M
PTQ;39;PTQ39;M;1;PTQ39M
SALAR;12;SALAR12;M;1;SALAR12M
SALAR;13;SALAR13;M;1;SALAR13M
SALAR;15;SALAR15;M;1;SALAR15M
SALAR;50;SALAR50;M;1;SALAR50M
SALAR;72;SALAR72;M;1;SALAR72M
CAT;14;CAT14;H;2;CAT14H
CAT;14;CAT14;H;3;CAT14H
CAT;14;CAT14;H;4;CAT14H
CAT;14;CAT14;H;5;CAT14H
CAT;3;CAT3;H;5;CAT3H
HY;25;HY25;H;4;HY25H
HY;25;HY25;H;5;HY25H
HY;34;HY34;H;4;HY34H
HY;34;HY34;H;5;HY34H
HY;37;HY37;H;4;HY37H
HY;37;HY37;H;5;HY37H
HY;C;HYC;H;5;HYCH
LAPACHO;2;LAPACHO2;H;1;LAPACHO2H
LAPACHO;2;LAPACHO2;H;2;LAPACHO2H
LAPACHO;2;LAPACHO2;H;3;LAPACHO2H
LAPACHO;2;LAPACHO2;H;4;LAPACHO2H
LAPACHO;2;LAPACHO2;H;5;LAPACHO2H
LAPACHO;21;LAPACHO21;H;5;LAPACHO21H
PTQ;22;PTQ22;H;2;PTQ22H
PTQ;8;PTQ8;H;5;PTQ8H
SALAR;82;SALAR82;M;1;SALAR82M
SALAR;85;SALAR85;H;5;SALAR85H
TIC;10;TIC10;H;1;TIC10H
TIC;10;TIC10;H;2;TIC10H
TIC;10;TIC10;H;3;TIC10H
TIC;10;TIC10;H;4;TIC10H
TIC;10;TIC10;H;5;TIC10H
TIC;40;TIC40;H;2;TIC40H
VF;56;VF56;H;1;VF56H
VF;60;VF60;H;4;VF60H
VF;60;VF60;M;3;VF60M
